Nr;Tarih(UTC);Enlem;Boylam;Derinlik;Tip;Büyüklük
0;10.09.2018 15:07;36,9653;27,7633;6,93;Mw;4,3
0;6.09.2018 23:53;38,893;26,4483;11,62;Mw;4,2
0;26.07.2018 08:17;37,6546;26,6698;4,5;Mw;4,5
0;23.07.2018 02:40;37,5318;29,848;17,58;Mw;4,6
0;27.06.2018 01:00;38,8206;26,4095;7;Mw;4,2
0;26.04.2018 11:37;37,8166;29,3133;15,68;Mw;4,2
0;5.01.2018 04:33;37,1116;28,6075;13,31;Mw;4,2
0;4.01.2018 04:53;39,3356;27,9778;4,71;Mw;4
0;25.12.2017 05:13;38,5811;26,7285;17,91;Mw;4,8
0;24.11.2017 21:49;37,1146;28,6045;24,46;Mw;5,1
0;22.11.2017 20:22;37,1206;28,5921;24,75;Mw;5
0;11.11.2017 08:56;38,857;27,4725;18,09;Mw;4,4
0;5.10.2017 13:43;37,8671;29,5105;6,33;Mw;4
0;16.09.2017 08:33;37,1255;27,7191;11,28;Mw;4,2
0;8.09.2017 23:23;37,1208;27,7283;6,98;Mw;4
0;18.08.2017 12:47;36,9051;27,645;9,12;Mw;4,2
0;14.08.2017 02:43;37,1208;27,699;6,92;Mw;4,7
0;13.08.2017 16:35;37,1061;27,7338;7;Mw;4,3
0;13.08.2017 12:28;37,1186;27,694;6,56;Mw;4,1
0;13.08.2017 11:16;37,114;27,689;22,6;Mw;4,8
0;9.08.2017 22:56;36,9783;27,6608;13,74;Mw;4,1
0;9.08.2017 20:14;39,3031;27,8866;13,08;Mw;4
0;8.08.2017 07:42;36,9576;27,6236;11,03;Mw;5,1
0;8.08.2017 01:46;36,9738;27,6458;6,86;Mw;4,3
0;7.08.2017 18:25;36,9905;27,6285;9,14;Mw;4,1
0;7.08.2017 05:44;36,9616;27,6188;11,87;Mw;4,1
0;7.08.2017 05:18;36,9951;27,6128;12,67;Mw;4,6
0;5.08.2017 03:20;38,9431;26,6051;5,9;Mw;4,2
0;30.07.2017 17:51;36,9601;27,6333;20,97;Mw;4
0;30.07.2017 07:02;36,9956;27,5933;10,37;Mw;4,3
0;21.07.2017 09:55;36,91;27,678;14,7;Mw;4,2
0;21.07.2017 05:03;36,9195;27,6128;1,43;Mw;4,5
0;21.07.2017 00:16;37,0576;27,3166;19,03;Mw;4,1
0;20.07.2017 22:31;36,974;27,523;7,8;Mw;6,3
0;19.07.2017 04:42;38,7615;27,8196;11,36;Mw;4
0;5.07.2017 07:26;38,6205;27,62;10,26;Mw;4,1
0;26.06.2017 05:54;38,801;26,457;16,73;Mw;4,1
0;22.06.2017 08:56;38,6325;27,5446;16,53;Mw;4
0;22.06.2017 02:48;38,8216;26,453;13,5;Mw;5
0;17.06.2017 19:50;38,8381;26,436;10,25;Mw;5,3
0;17.06.2017 19:33;38,8185;26,4366;12,43;Mw;4,2
0;16.06.2017 13:25;38,7918;26,3946;18,38;Mw;4,2
0;13.06.2017 03:19;38,8465;26,4233;7,09;Mw;4
0;28.05.2017 11:04;38,735;27,7955;7,21;Mw;4,8
0;28.05.2017 08:49;38,7331;27,801;7,1;Mw;4,1
0;28.05.2017 07:34;38,7786;27,7755;7,21;Mw;4,1
0;28.05.2017 04:38;38,7365;27,806;9,78;Mw;4,5
0;28.05.2017 02:52;38,7115;27,7956;6,9;Mw;4,8
0;28.05.2017 02:50;38,7185;27,7843;8,64;Mw;4,6
0;28.05.2017 02:16;38,7436;27,8468;4,44;Mw;4
0;28.05.2017 02:14;38,7386;27,8025;9,17;Mw;4,4
0;27.05.2017 15:53;38,7358;27,8156;11,03;Mw;5,1
0;12.05.2017 05:55;37,8695;27,1431;7,05;Mw;4,2
0;8.05.2017 08:47;37,8695;27,1403;5,08;Mw;4,2
0;21.04.2017 14:12;38,6313;27,5873;13,2;Mw;4,9
0;21.04.2017 13:09;38,7923;29,0526;5,71;Mw;4,9
0;20.04.2017 14:11;39,3975;28,463;10,59;Mw;4,2
0;19.04.2017 11:23;38,636;27,6258;21,92;Mw;4,2
0;13.04.2017 16:22;37,1533;28,647;11,33;Mw;5
0;4.04.2017 13:00;38,6271;27,5836;18,4;Mw;4
0;2.04.2017 05:32;38,6275;27,5718;12,56;Mw;4,3
0;8.03.2017 20:09;39,965;27,6536;15,03;Mw;4,1
0;15.12.2016 16:43;37,104;28,6418;18,11;Mw;4,2
0;17.10.2016 01:30;37,9275;26,9261;10,36;Mw;4,4
0;15.10.2016 02:51;38,9298;27,7166;9,8;Mw;4,2
0;15.10.2016 02:49;38,9333;27,72;8,14;Mw;4,1
0;9.10.2016 06:21;39,0091;27,726;14,07;Mw;4
0;28.09.2016 09:10;37,933;29,1285;7,5;Mw;4
0;27.09.2016 18:11;37,9268;29,1198;7,22;Mw;4
0;12.09.2016 09:29;38,9023;27,7448;17,24;Mw;4,5
0;12.09.2016 08:26;38,905;27,7451;17,78;Mw;4,6
0;17.07.2016 20:58;37,9978;29,3981;9,48;Mw;4
0;3.07.2016 18:05;38,763;27,8053;9,82;Mw;4
0;5.06.2016 20:26;38,6085;26,6953;21,34;Mw;4,2
0;5.02.2016 13:25;36,9488;29,367;8,03;Mw;4
0;19.12.2015 11:14;38,6303;26,5821;4,78;Mw;4
0;2.12.2015 15:52;39,1495;28,154;10,85;Mw;4
0;18.11.2015 14:55;37,8023;29,3195;14,72;Mw;4,1
0;18.11.2015 10:35;37,8286;29,2956;17,09;Mw;4,1
0;13.10.2015 23:18;39,1143;29,0328;10,21;Mw;4,2
0;22.09.2015 07:11;39,1295;29,1071;6,1;Mw;4,3
0;22.09.2015 06:25;39,1271;29,118;9,33;Mw;4,3
0;13.09.2015 02:57;37,101;28,878;21,36;Mw;4,4
0;3.09.2015 08:23;39,1226;29,1225;10,24;Mw;4,1
0;25.07.2015 18:35;37,1431;28,6885;15,05;Mw;4,2
0;8.07.2015 22:14;37,5645;29,5395;27,88;Mw;4,2
0;6.07.2015 01:03;38,234;26,5638;15,52;Mw;4,1
0;28.04.2015 07:59;37,057;28,5396;16,92;ML;4
0;27.03.2015 01:42;37,9521;27,199;7,87;Mw;4,1
0;23.01.2015 10:19;40,0455;28,5788;13,02;Mw;4,3
0;10.01.2015 04:32;38,2026;27,0678;7,86;Mw;4,3
0;30.11.2014 16:01;37,3865;26,9195;25,14;Mw;4,1
0;30.11.2014 06:38;39,3488;29,012;8,37;Mw;4
0;28.11.2014 02:30;39,3318;29,0056;10,78;Mw;4,3
0;26.11.2014 05:05;36,907;27,7096;20,83;Mw;4,2
0;26.11.2014 00:04;39,335;29,0036;8,72;Mw;4
0;15.11.2014 07:30;39,3255;28,9978;12,19;Mw;4
0;10.11.2014 09:20;37,1473;28,758;10,34;Mw;4,3
0;10.11.2014 06:16;37,1163;28,7345;14,46;Mw;4,8
0;21.10.2014 03:03;38,169;27,1045;11,74;Mw;4,1
0;11.10.2014 06:42;38,1873;27,0596;10,7;Mw;4
0;1.10.2014 07:16;36,9611;29,3695;25,37;Mw;4,2
0;15.08.2014 04:00;37,0156;27,3876;11,69;ML;4
0;13.08.2014 09:42;36,9278;27,6545;15,27;Mw;4,1
0;18.07.2014 03:58;38,233;26,6198;13,81;Mw;4
0;15.07.2014 12:25;39,13;29,0041;9,92;Mw;4,1
0;1.05.2014 17:33;37,0261;27,4613;11,18;Mw;4,1
0;1.05.2014 14:16;38,0225;27,051;8,23;Mw;4,1
0;19.04.2014 23:39;37,0345;28,8783;14,17;Mw;4
0;10.01.2014 07:20;39,4531;27,9588;15,14;Mw;4
0;7.08.2013 05:20;39,2092;29,416;20,86;Ml;4,4
0;25.07.2013 23:05;37,3902;26,8428;25,43;Ml;4,1
0;9.06.2013 15:15;38,8048;26,784;26,69;Ml;4
0;9.06.2013 14:18;39,1392;29,022;15,61;Ml;4,1
0;29.05.2013 14:43;39,1362;29,0983;7;Ml;4
0;16.05.2013 21:26;37,0218;28,3715;16,61;Ml;4,2
0;16.05.2013 21:21;37,0053;28,41;20,87;Ml;4,4
0;16.05.2013 03:02;36,9827;28,4208;25,43;Ml;4,6
0;28.04.2013 16:30;36,9433;27,7677;21,74;Ml;4,2
0;12.03.2013 20:47;39,1203;29,0583;12,81;Ml;4,1
0;21.02.2013 10:18;37,3502;26,8907;25,98;Ml;4,6
0;20.02.2013 06:59;37,9095;29,3203;22,78;Ml;4,1
12652;30.11.2012 02:32;37,2087;28,6405;20,27;Ml;4,2
12629;30.10.2012 00:12;39,1385;29,1787;21,35;Ml;4,1
12588;5.09.2012 15:49;38,974;27,6217;20,71;Ml;4,1
12583;25.08.2012 07:24;38,7117;28,033;17,4;Ml;4,1
12552;7.08.2012 23:57;38,7242;28,0463;22,21;Ml;4,2
12551;7.08.2012 23:17;38,7327;28,053;18,05;Ml;4
12547;4.08.2012 02:23;38,7178;28,069;22,94;Ml;4,2
12546;3.08.2012 10:18;38,7202;28,065;22,61;Ml;4,6
12533;18.07.2012 17:46;37,1728;28,2912;25,4;Ml;4
12525;4.07.2012 08:45;39,9467;27,891;24,28;Ml;4,2
12512;19.06.2012 01:46;39,1168;29,1593;25,91;Ml;4,9
12504;13.06.2012 06:40;39,107;29,1483;21,58;Ml;4,3
12492;9.06.2012 14:33;37,0387;28,4823;20,92;Ml;4,2
12489;4.06.2012 14:19;36,9163;28,202;12,11;Ml;4,6
12478;19.05.2012 12:21;36,9345;27,5747;18,38;Ml;4,2
12475;18.05.2012 01:47;39,4612;27,9018;7,01;Ml;4
12468;9.05.2012 17:49;39,1032;29,1572;8,98;Ml;4,3
12465;8.05.2012 07:31;37,0355;28,5287;23,36;Ml;4,3
12458;4.05.2012 02:00;39,1195;29,1023;23,94;Ml;4,5
12457;3.05.2012 21:45;39,1352;29,1057;14,22;Ml;4,7
12456;3.05.2012 17:10;39,136;29,0968;23,7;Ml;4,4
12455;3.05.2012 16:16;39,1018;29,039;25,41;Ml;4,6
12454;3.05.2012 15:25;39,1205;29,1262;6,99;Ml;4
12453;3.05.2012 15:20;39,1245;29,11;10,59;Mw;5,2
12450;3.05.2012 01:57;38,655;26,6305;26,18;Ml;4,1
12449;2.05.2012 06:48;38,6653;26,6632;22,18;Ml;4,3
12448;2.05.2012 06:40;38,6687;26,6345;27,18;Ml;4,4
12446;2.05.2012 00:02;38,663;26,6412;26,01;Ml;4,3
12445;1.05.2012 14:48;38,646;26,6262;26,27;Mw;4,8
12443;26.04.2012 22:05;39,1312;29,1128;25,54;Mw;4,8
12437;23.04.2012 16:14;39,0545;29,149;6,96;Ml;4
12436;23.04.2012 16:14;39,124;29,1438;6,31;Ml;4,3
12429;20.04.2012 16:39;39,1525;29,0975;20,59;Ml;4,4
12417;19.04.2012 19:52;39,111;29,1382;7,49;Ml;4,5
12412;17.04.2012 20:45;39,1468;29,1142;6,99;Ml;4,5
12411;16.04.2012 10:11;39,1097;29,136;7;Ml;4,6
12410;16.04.2012 10:10;39,1227;29,1222;6,9;Ml;4,7
12401;4.04.2012 00:33;37,921;29,4537;23,39;Ml;4,3
12399;29.03.2012 10:13;38,6035;30,004;12,77;Ml;4,2
12367;20.02.2012 06:34;38,1412;27,475;23,46;Ml;4,4
12356;8.02.2012 19:57;39,2112;27,8725;6,99;Ml;4,2
12344;27.01.2012 19:06;37,5073;27,1838;7,06;Ml;4
12343;27.01.2012 17:43;37,4838;27,1508;13,51;Ml;4,2
12310;27.12.2011 07:51;37,9778;27,1563;21,3;Ml;4,4
12309;27.12.2011 05:59;37,9908;27,1748;26,44;Ml;4,1
12297;10.12.2011 05:15;38,84;30,21;5;Ml;4,1
12086;8.10.2011 22:10;39,0052;28,057;25,38;Ml;4
12054;25.08.2011 04:19;39,139;29,0957;22,54;Ml;4,3
12034;19.07.2011 21:16;39,1048;29,093;17,66;Ml;4,1
12033;17.07.2011 19:51;39,0638;29,1243;13,84;Ml;4
12032;13.07.2011 01:31;39,123;29,0328;14,7;Ml;4,3
12028;3.07.2011 14:16;39,1037;29,0147;10,78;Ml;4,1
12023;29.06.2011 11:40;39,1232;29,0032;9,28;Ml;4
12022;27.06.2011 23:41;39,07;29;8;Ml;4
12020;27.06.2011 21:13;39,12;29,02;9;Mw;5
12008;10.06.2011 22:47;39,0975;28,3405;34,38;Ml;4,7
12005;5.06.2011 21:29;39,143;29,095;6,98;Ml;4
12004;4.06.2011 13:51;39,1122;29,1018;15,63;Ml;4,1
12003;30.05.2011 22:03;39,1567;29,0112;15,29;Ml;4
12000;29.05.2011 01:31;39,1425;29,0853;5,04;Ml;4,5
11999;28.05.2011 18:06;39,1123;29,0278;16,62;Ml;4
11998;28.05.2011 07:35;39,11;29,13;8;Ml;4
11997;28.05.2011 05:47;39,1215;29,0408;23,02;Mw;5,1
11994;27.05.2011 07:43;39,1393;29,1235;19,42;Ml;4,4
11992;24.05.2011 02:55;39,1013;29,0217;16,8;Ml;4,2
11991;23.05.2011 10:06;39,0988;27,1522;26,37;Ml;4
11988;21.05.2011 21:43;39,1037;29,0513;7;Ml;4
11987;20.05.2011 11:30;39,1228;29,0027;7;Ml;4
11986;20.05.2011 05:00;39,1202;29,0872;7,09;Ml;4,2
11985;20.05.2011 04:00;39,1443;29,0023;6,97;Ml;4
11984;20.05.2011 00:58;39,1147;29,0837;17,38;Ml;4,3
11983;20.05.2011 00:13;39,1413;29,1065;16,92;Ml;4,1
11982;19.05.2011 22:19;39,115;28,9885;6,95;Ml;4
11981;19.05.2011 21:33;39,131;29,1235;20,83;Ml;4,3
11980;19.05.2011 21:21;39,1128;29,0317;6,99;Ml;4,3
11979;19.05.2011 21:12;39,113;29,0377;7,74;Ml;4,8
11978;19.05.2011 21:08;39,11;29,0338;7,06;Ml;4,2
11977;19.05.2011 20:43;39,12;29,09;2;Ml;4
11976;19.05.2011 20:41;39,1;29,13;5;Ml;4
11974;19.05.2011 20:25;39,1442;29,1078;7;Ml;4,6
11973;19.05.2011 20:15;39,1328;29,082;24,46;Mw;5,9
11968;7.05.2011 18:00;37,02;28,17;5;Ml;4
11966;1.05.2011 15:04;39,0602;28,0227;24,88;Ml;4,1
11959;22.04.2011 05:43;38,9837;29,8262;21,32;Ml;4
11946;29.03.2011 00:53;39,1602;29,0673;6,97;Ml;4,3
11911;6.02.2011 02:09;37,8;27,21;8;Ml;4,2
11910;5.02.2011 07:17;37,9045;29,0512;10,09;Ml;4
11909;5.02.2011 02:37;37,83;27,34;5;Ml;4,1
11884;8.12.2010 21:50;37,88;27,34;7;Ml;4
11871;14.11.2010 05:21;37,8558;27,3385;18,66;Ml;4,1
11869;11.11.2010 20:08;37,8579;27,3856;15;Mw;5
11850;11.10.2010 18:03;37,8858;27,2912;6,99;Ml;4,1
11846;5.10.2010 23:43;38,0022;27,952;17,11;Ml;4,1
11819;7.09.2010 14:17;37,0191;27,6161;6,3;mb;4,2
11807;12.08.2010 02:23;39,6865;27,5781;13,8;mb;4,3
11798;4.08.2010 20:38;37,4865;27,0433;12,66;Ml;4,2
11715;2.03.2010 00:59;39,14;29,1;7;Ml;4,3
11714;2.03.2010 00:43;39,1339;29,0705;2,8;mb;4,2
11694;31.01.2010 04:18;36,9247;29,3357;6,92;Ml;4
11690;25.01.2010 01:10;38,8471;26,9071;13,4;mb;4
11663;4.12.2009 17:19;37,4107;29,5697;19,5;mb;4,7
11662;4.12.2009 06:02;37,9332;28,8681;10;Mw;4,9
11659;25.11.2009 10:53;37,9465;28,8611;13,8;mb;4,5
11615;15.09.2009 09:23;39,09;29,05;11;Ml;4
11603;12.09.2009 00:50;37,5201;27,0555;12,4;mb;4
11602;11.09.2009 22:14;37,5293;27,008;7,09;Ml;4
11538;12.07.2009 23:32;37,95;29,39;5;Ml;4
11485;20.06.2009 08:28;37,61;26,93;2;Mw;5,1
11455;7.05.2009 23:46;39,2827;27,9397;4,7;Ml;4
11452;3.05.2009 02:34;37,8558;27,54;15,54;Ml;4,1
11444;12.04.2009 17:34;37,7035;28,0388;11,87;Ml;4,5
11433;22.03.2009 00:53;37,9228;29,1067;9,4;Ml;4
11418;19.02.2009 22:25;39,1235;29,0302;10,28;Ml;4
11412;17.02.2009 05:28;39,1488;29,0448;7;Mw;5,2
11404;28.01.2009 09:45;37,828;27,5623;6,7;Ml;4,1
11403;28.01.2009 09:17;37,8287;27,5533;9,3;Ml;4,4
11388;8.01.2009 15:43;37,8073;27,583;5,9;mb;4,2
11384;1.01.2009 19:01;37,0192;29,1508;22,5;Ml;4,1
11377;24.12.2008 05:55;37,8621;29,2368;10;Ml;4,5
11340;9.11.2008 13:20;36,8701;28,1658;63,6;Ml;4
11305;19.10.2008 10:54;39,1302;29,4344;10;mb;4
11172;1.10.2008 03:53;36,9738;29,1743;5,4;mb;4,1
11170;30.09.2008 07:30;38,97;29,927;6,7;mb;4,6
11142;25.08.2008 02:57;36,9757;29,2112;10;mb;4,3
11141;24.08.2008 22:52;36,9555;29,201;10;Ml;4
11117;20.07.2008 10:15;38,7415;26,5754;8,6;mb;4
11108;13.07.2008 14:30;38,9238;27,8482;10;Ml;4
11103;11.07.2008 14:11;37,0425;29,1598;4,8;mb;4,3
11102;10.07.2008 07:49;39,994;27,7128;7,9;mb;4,3
11100;3.07.2008 17:37;37,0196;29,2339;13,2;mb;4,5
11076;30.05.2008 05:34;36,9428;29,2048;1,2;mb;4
11075;28.05.2008 22:35;36,9235;29,2671;9,2;mb;4
11053;25.04.2008 04:48;37,804;29,32;12,3;Mw;5
11050;18.04.2008 13:49;37,9338;26,8954;8,5;Ml;4,1
11045;11.04.2008 08:01;37,6839;26,8918;10;mb;4,2
11018;15.03.2008 15:34;39,0409;27,859;2,5;Ml;4
11017;15.03.2008 11:52;39,0476;27,8478;11,8;mb;4,2
11007;1.03.2008 07:01;37,8743;26,8129;12,7;mb;4
10994;8.02.2008 11:17;38,6158;26,9899;11,9;Ml;4
10969;10.01.2008 17:52;37,9046;28,8;8,9;mb;4,2
10968;8.01.2008 15:57;36,9286;29,2359;10;Ml;4,3
10963;5.01.2008 05:11;38,59;26,9837;8,9;Ml;4,5
10956;28.12.2007 10:34;36,9135;29,2433;12,9;mb;4
10938;10.12.2007 21:50;38,7812;27,742;21,43;Md;4
10937;9.12.2007 20:29;36,964;29,292;20;mb;4,3
10933;2.12.2007 20:21;36,949;29,321;27,4;mb;4,6
10924;18.11.2007 10:48;38,96;29,84;6;Ml;4,1
10918;12.11.2007 15:02;36,973;29,267;10;mb;4,5
10915;11.11.2007 03:23;38,2512;26,519;9,12;Ml;4,2
10903;29.10.2007 09:23;36,908;29,342;20;Mw;5,3
10897;25.10.2007 05:02;39,3348;27,7441;8,2;Ml;4,2
10873;29.09.2007 22:35;39,7439;27,7464;3,5;Md;4
10858;20.09.2007 06:18;39,22;29,42;5;mb;4
10847;9.09.2007 05:14;38,806;26,44;10,1;mb;4,2
10766;23.04.2007 05:20;38,314;26,6147;10,1;Ml;4,1
10721;6.03.2007 03:34;37,0986;28,5497;4,7;Ml;4,4
10684;31.01.2007 23:13;36,9418;27,7806;14,5;Ml;4,2
10678;23.01.2007 21:22;38,085;28,827;25;Mw;4,9
10600;12.10.2006 03:20;37,826;29,23;15,6;mb;4,1
10551;9.08.2006 09:18;37,0106;27,9377;4,4;mb;4
10533;13.07.2006 22:46;38,76;26,75;35;mb;4,2
10530;13.07.2006 00:15;38,807;26,7096;14,5;Ml;4
10529;12.07.2006 14:40;38,7995;26,7611;6,5;Ml;4,3
10508;12.06.2006 08:07;38,1506;26,6811;9,7;mb;4
10502;5.06.2006 04:38;37,8764;28,7138;12,4;mb;4
10501;5.06.2006 04:23;37,889;28,748;28,9;Mw;4,8
10471;18.04.2006 01:21;36,8804;28,1849;16,9;mb;4
10470;17.04.2006 20:18;36,904;28,25;5,6;mb;4,2
10469;17.04.2006 11:53;36,9158;28,2806;10;mb;4,1
10449;9.03.2006 03:18;37,8617;26,7736;12,3;mb;4
10417;20.01.2006 10:40;36,858;28,266;12,4;mb;4
10399;24.12.2005 03:56;38,778;27,818;7,5;mb;4,3
10371;16.11.2005 05:41;38,149;26,5905;1,5;Md;4
10368;10.11.2005 20:09;38,15;26,59;12;mb;4
10359;2.11.2005 04:27;38,17;26,51;16;mb;4,1
10357;31.10.2005 06:48;38,11;26,59;6;mb;4,1
10356;31.10.2005 05:26;38,088;26,717;4,5;mb;4,4
10354;29.10.2005 19:49;38,13;26,66;6;mb;4,1
10353;29.10.2005 14:48;38,095;26,676;6,4;mb;4,1
10351;28.10.2005 19:49;38,14;26,72;5;mb;4
10345;24.10.2005 21:15;38,1717;26,604;13,9;Md;4
10343;23.10.2005 14:59;38,1268;26,6001;10;Ml;4,1
10341;21.10.2005 20:03;38,1493;26,6941;1,4;Ml;4
10340;21.10.2005 11:47;38,1697;26,6073;10;mb;4
10339;21.10.2005 01:19;38,12;26,62;9;mb;4
10338;20.10.2005 23:16;38,199;26,7474;6;Ml;4
10337;20.10.2005 22:27;38,1454;26,6973;3,9;Ml;4
10336;20.10.2005 22:15;38,2087;26,669;9,1;Ml;4
10335;20.10.2005 22:02;38,21;26,62;18;mb;4
10334;20.10.2005 21:44;38,2076;26,6865;3,6;Ml;4,4
10333;20.10.2005 21:40;38,15;26,67;15;Mw;5,8
10332;19.10.2005 22:38;37,83;27,16;13;mb;4,2
10331;19.10.2005 15:24;38,14;26,7;12;mb;4
10330;19.10.2005 10:11;38,1501;26,6376;16,7;mb;4,3
10329;18.10.2005 22:49;38,15;26,68;15;mb;4
10328;18.10.2005 16:00;38,16;26,55;14;mb;4,4
10326;17.10.2005 23:13;38,16;26,58;11;mb;4
10325;17.10.2005 14:53;38,137;26,7037;9;Ml;4
10323;17.10.2005 13:22;38,17;26,56;16;mb;4,3
10322;17.10.2005 13:16;38,1893;26,6513;5,3;Ml;4,1
10321;17.10.2005 12:43;38,12;26,56;11;mb;4,4
10320;17.10.2005 12:22;38,13;26,73;10;mb;4
10319;17.10.2005 11:52;38,18;26,58;18;mb;4,1
10318;17.10.2005 11:17;38,16;26,69;14;mb;4
10317;17.10.2005 10:07;38,12;26,75;15;mb;4,2
10316;17.10.2005 09:58;38,169;26,6871;6,1;mb;4,3
10315;17.10.2005 09:55;38,152;26,731;17,8;Mw;5,2
10314;17.10.2005 09:46;38,172;26,728;7,3;Mw;5,8
10313;17.10.2005 08:34;38,15;26,6588;10;mb;4
10312;17.10.2005 08:28;38,1638;26,6529;8,8;Ml;4,2
10311;17.10.2005 07:05;38,15;26,63;17;mb;4,3
10310;17.10.2005 06:16;38,15;26,64;13;mb;4,2
10309;17.10.2005 05:59;38,18;26,57;20;mb;4,1
10308;17.10.2005 05:45;38,1336;26,6723;17,9;Mw;5,5
10220;2.07.2005 01:09;37,792;26,7158;9,2;Ml;4
10219;23.06.2005 22:44;37,717;26,737;5,2;mb;4,3
10218;23.06.2005 11:55;37,8024;26,7716;7,5;Md;4
10214;20.06.2005 19:50;39,716;29,22;3,8;mb;4,2
10190;13.05.2005 22:30;37,9237;27,0745;1,3;Ml;4
10151;17.03.2005 05:01;37,77;26,81;14;mb;4,2
10120;29.01.2005 18:52;38,089;26,839;1,6;mb;4,3
10119;29.01.2005 14:48;38,217;29,6911;10;mb;4
10117;29.01.2005 11:35;38,2566;26,5813;22,7;Ml;4
10090;23.01.2005 20:54;36,91;27,85;15,9;mb;4,1
10086;20.01.2005 23:27;38,6559;27,166;16,1;Ml;4
10084;18.01.2005 17:27;36,9;27,71;12;mb;4,1
10082;14.01.2005 19:08;36,9332;28,353;16,8;mb;4,2
10079;13.01.2005 11:00;39,1868;27,7347;8,9;Ml;4,3
10078;12.01.2005 11:25;39,2015;27,7428;6,8;mb;4
10077;11.01.2005 09:18;36,9197;27,7844;22,6;mb;4
10076;11.01.2005 04:36;36,912;27,845;34;Mw;5
10075;11.01.2005 00:02;36,8892;27,8829;24;mb;4
10073;10.01.2005 23:48;36,867;27,888;32,1;Mw;5,4
10061;28.12.2004 20:34;37,01;28,303;13,7;mb;4,5
10060;28.12.2004 15:37;37,0349;28,2373;19,4;mb;4,2
10056;21.12.2004 00:23;36,9642;28,2824;42;mb;4,1
10055;20.12.2004 23:02;36,95;28,345;28,3;Mw;5,3
10050;2.12.2004 15:51;39,2644;27,9677;11;mb;4,4
10033;5.11.2004 17:30;39,2144;27,7715;13;mb;4,5
10031;28.10.2004 17:15;38,9407;26,6483;6,3;Ml;4
10024;8.10.2004 13:53;37,66;26,66;5;mb;4,1
10006;16.09.2004 01:40;37,6969;29,2057;11,7;mb;4,3
10000;5.09.2004 11:18;36,9147;27,7292;19;mb;4
9999;3.09.2004 11:21;36,9584;27,8238;16,7;mb;4,1
9980;5.08.2004 10:30;36,927;27,795;13,5;mb;4,1
9979;5.08.2004 07:13;36,901;27,7528;18;mb;4
9978;4.08.2004 15:59;36,906;27,813;10;mb;4
9977;4.08.2004 14:18;36,886;27,78;24,2;Mw;5,3
9976;4.08.2004 05:46;36,921;27,826;10,1;mb;4,2
9975;4.08.2004 04:26;36,883;27,775;16,5;mb;4,3
9974;4.08.2004 04:19;36,877;27,802;12;Mw;5,2
9972;4.08.2004 03:49;36,8832;27,7908;18,6;mb;4,5
9970;3.08.2004 14:58;36,9009;27,7012;9,9;mb;4
9969;3.08.2004 14:17;36,935;27,729;11,9;mb;4
9967;3.08.2004 13:11;36,888;27,777;22,8;Mw;5,2
9966;3.08.2004 09:41;36,871;27,792;10,3;mb;4,1
9939;3.07.2004 18:36;36,8974;27,7394;18,7;mb;4,1
9933;26.06.2004 18:24;37,2267;28,283;10;mb;4,1
9924;9.06.2004 03:15;38,385;30,25;17,6;mb;4,1
9908;14.05.2004 16:34;37,5128;29,7105;15;mb;4,3
9879;24.03.2004 04:38;38,848;26,775;25;mb;4,1
9868;19.02.2004 04:09;36,957;28,69;9,8;mb;4,1
9834;23.12.2003 13:07;39,8762;29,2787;9;mb;4,1
9833;23.12.2003 12:23;39,88;29,265;8,8;mb;4,6
9830;16.12.2003 10:41;38,932;26,728;23,6;mb;4,2
9808;5.11.2003 07:56;37,2863;28,0467;8,9;Md;4,1
9805;27.10.2003 03:05;37,2374;28,2015;6,8;mb;4,1
9778;31.08.2003 13:38;37,678;27,5428;10;Ml;4
9762;26.07.2003 13:31;38,099;28,841;10,6;mb;4,6
9761;26.07.2003 08:36;38,051;28,902;22,3;Mw;5,4
9760;26.07.2003 01:00;38,082;28,895;5;mb;4,5
9758;23.07.2003 04:56;38,065;28,886;15;Mw;5,3
9732;22.06.2003 23:46;38,998;28,029;15,1;mb;4,5
9722;13.06.2003 10:28;39,3085;28,2269;10;mb;4,1
9684;4.05.2003 11:00;38,1785;26,9271;10,3;mb;4
9671;17.04.2003 22:34;38,181;26,959;15;Mw;5,2
9665;10.04.2003 03:03;38,1924;26,8008;6,1;Md;4,1
9664;10.04.2003 00:53;38,1518;26,8414;34;Ml;4,1
9663;10.04.2003 00:40;38,226;26,918;14,1;Mw;5,7
9649;20.03.2003 12:25;40,005;28,7787;13,6;mb;4,2
9614;16.01.2003 02:17;38,2837;27,1711;8,4;Ml;4
9594;11.12.2002 15:52;38,2842;27,1421;10;Ml;4
9543;4.09.2002 13:35;38,298;27,407;11,2;mb;4
9519;30.07.2002 12:20;37,671;29,292;17,3;mb;4,7
9508;9.07.2002 22:39;39,339;27,809;1,1;Ml;4,3
9477;6.06.2002 05:09;39,06;28,01;8;mb;4,2
9474;23.05.2002 04:48;38,763;26,5;15,5;mb;4,1
9471;19.05.2002 10:45;38,405;26,506;16,8;mb;4,1
9434;5.04.2002 07:38;37,74;30,23;7;mb;4,1
9431;3.04.2002 22:57;37,734;30,316;10,8;mb;4,4
9404;1.03.2002 21:09;36,997;27,82;25;mb;4,1
9403;1.03.2002 15:48;38,29;28,052;31,6;Md;4,1
9402;1.03.2002 12:01;38,358;28,039;26,8;Md;4
9364;21.01.2002 14:34;38,626;27,881;26,2;mb;4,8
9329;4.12.2001 22:35;37,167;27,762;5;Ml;4
9169;8.07.2001 02:15;38,887;26,859;10,3;mb;4
9158;26.06.2001 17:27;38,665;26,442;22,6;Ml;4,1
9157;26.06.2001 17:19;38,651;26,528;9,1;mb;4,1
9156;26.06.2001 15:30;38,68;26,505;8,9;Ml;4,1
9153;24.06.2001 13:33;39,349;27,856;9,9;mb;4,2
9152;24.06.2001 11:49;39,365;27,834;8;Md;4,1
9150;23.06.2001 12:18;39,389;27,882;8,4;mb;4,2
9148;22.06.2001 19:56;39,295;27,861;5,4;Md;4,1
9147;22.06.2001 11:54;39,324;27,891;7;mb;4,6
9138;12.06.2001 01:14;37,621;26,767;22,5;Md;4,1
9126;24.05.2001 03:18;39,32;27,9;7;mb;4
9069;1.03.2001 13:31;37,835;26,765;10;mb;4,2
9067;27.02.2001 06:14;39,067;26,726;21,1;mb;4
9065;27.02.2001 04:10;39,012;26,671;9,8;Ml;4,1
9061;18.02.2001 00:24;38,012;26,668;7,2;Md;4
9051;2.02.2001 09:51;37,735;30,179;14,5;mb;4,3
9041;19.01.2001 04:38;39,155;27,93;7,3;Md;4,1
9027;4.01.2001 01:20;37,64;26,784;11;Md;4,1
9005;26.11.2000 17:20;37,95;29,008;20,6;mb;4
9004;26.11.2000 17:08;37,973;28,994;10,5;mb;4,1
8988;30.10.2000 19:37;36,936;28,412;9,5;mb;4,1
8977;4.10.2000 07:58;37,918;28,868;1,9;mb;4,3
8976;4.10.2000 02:34;37,87;29,029;19,8;mb;4,7
8958;8.09.2000 05:46;39,395;27,667;5;mb;4,3
8883;27.04.2000 12:13;37,903;29,283;6,1;mb;4,1
8880;23.04.2000 13:53;38,029;27,798;8,2;mb;4,1
8879;21.04.2000 12:29;37,776;29,291;10;mb;4
8878;21.04.2000 12:23;37,856;29,356;29,2;Mw;5,4
8835;28.02.2000 07:45;37,086;27,537;14,2;mb;4,3
